title,price,rating,numberOfSales,seller
"Электрический тренировочный ошейник для собак, с дистанционным управлением до 800 м, водонепроницаемый, перезаряжаемый с ЖК-дисплеем, универ...","941,09 - 2 406,03 руб.",4.8,7628 продано,Pawing Store
Расческа для удаления волос у собак и кошек,"245,18 - 268,02 руб.",4.9,8328 продано,Sweety Kitten Store Store
Мягкая кровать для питомца,"577,15 - 2 529,37 руб.",4.7,21589 продано,YOPETO Official Store
плед для кошек лежанка для собак корзина для кошек кровать для больших собак лежанка для собаки большая постель для собак коврик для кошачь...,"331,97 - 807,09 руб.",4.8,9085 продано,Qsezeny PetShop Store
"Классический красные, черные клетчатые Собака Бандана Кошка Собака Щенок платок аксессуары для ухода за домашними животными Pet шейный шарф ...","90,61 - 113,45 руб.",5.0,97 продано,Katupet 2nd Store
"Игрушки для собак, растягивающиеся резиновые мячи для защиты от протекания, игрушки для кошек, собак, интерактивные игрушки для кошек, собак...","189,59 - 273,35 руб.",4.9,957 продано,Yiwu lingchong pets Store
XS-XXL собачьи подгузники физиологические штаны гигиенические моющиеся женские трусики для собаки шорты Нижнее белье Трусы для собак,"133,25 - 226,14 руб.",4.6,2338 продано,Ordernow Store
Складной манеж для питомцев железный забор для щенков питомник дом для тренировок щенок котенок космические товары для собак кролики морск...,"1 187,79 - 2 801,95 руб.",4.6,736 продано,Play Petty
"Портативная бутылка для воды для собак, для маленьких и больших собак, дорожная поилка для щенков и кошек, уличный дозатор воды для питомцев,...","608,36 - 760,64 руб.",4.9,8972 продано,Golden Pet Store
"Новейшая Удобная расческа для удаления волос для домашних животных, гребень для ухода за кошками, собаками, щенками, котятами, триммер для у...","607,60 - 912,16 руб.",5.0,45 продано,HomeDecor-Pet Store
"Лидер продаж зимняя одежда для собак для маленьких собак, обувь Обувь на теплом меху Водонепроницаемый 4 шт./компл. маленькая обувь для собак...","540,60 - 738,56 руб.",4.8,6436 продано,iLovePet
Baorun Профессиональные ПЭТ Машинки для стрижки собак животного Уход за лошадьми кусачки для кошка резак машина бритвы Электрические Ножницы ...,"1 363,67 - 2 220,24 руб.",4.9,4774 продано,SUNNY & BUSH
"4 шт./компл. женская обувь, дождь, снег, водонепроницаемые ботинки, носки, резиновая нескользящая обувь для маленьких щенков, обувь, аксессуар...","144,67 - 153,81 руб.",4.8,2009 продано,Happyzone Store
Собачье ультразвуковое устройство против лая 3 в 1 тренировочное устройство для собак антилай с флеш-светильник на открытом воздухе Репелле...,"113,45 - 295,43 руб.",4.4,1929 продано,"Boom price, Enviable life Store"
"Персонализированная корзина для хранения игрушек для собак, Холщовая Сумка для собак, складная льняная коробка для хранения игрушек для до...","1 034,75 руб.",4.9,561 продано,Star Pets Product Workshop
"Переносная складная палатка для домашних питомцев, домик для собак, восьмиугольная клетка для кошек, манеж, вольер для щенков, простое в исп...","615,98 - 1 599,70 руб.",4.8,1932 продано,Topx Companion Store
"Теплая зимняя обувь для собак, собак, кошек, Нескользящие зимние ботинки для собак, чихуахуа, шиха, тцу, обувь, Zapatos Perro, хит продаж 2018, товары","265,73 - 357,10 руб.",4.7,3718 продано,Xleipet Store
"Супермягкая кровать для собак, диван, плюшевый коврик для кошек, кровать для собак Лабрадора, кровать для больших собак, круглая подушка для ...","670,80 - 2 459,32 руб.",4.7,18463 продано,"eLife Co.,Ltd"
"Мягкая щетка на палец, искусственная плюшевая Щетка для собак, уход за зубами при плохом дыхании, чистящая зубная щетка для собак и кошек, то...","25,89 руб.",4.6,3880 продано,urban life Store
"600 мл автоматическая кормушка для собак, собак, кошек, бутылочка для питьевой воды, миски для котенка, контейнер для медленного кормления","577,91 - 912,92 руб.",4.8,52 продано,Le Tao-Home Store
Ботинки водонепроницаемые для собак,"684,50 - 817,75 руб.",4.8,1652 продано,Star Pets Product Workshop
Персонализированный собачий жгут не тянуть Светоотражающие дышащая Регулируемая шлейка для питомцев для маленькой большой собаки жгут жи...,"570,29 - 988,30 руб.",4.8,31253 продано,Bolux Official Store
"Куртка для крупных питомцев с ремнями, теплая зимняя одежда для собак, водостойкая верхняя одежда для Лабрадора, для чихуахуа, французского ...","767,50 - 1 276,11 руб.",4.8,12854 продано,CDDM Lifety Store
"Кровать для домашних питомцев, круглая теплая Лежанка из плюша, для зимы, щенков, кошек, очень мягкая, спальный мешок","188,83 - 1 972,03 руб.",4.8,7759 продано,Pawing Store
"Безопасный автоматический ошейник для собак, ошейник для дрессировки домашних животных, перезаряжаемый ошейник стоп-лай, 2 режима, звуковой...","788,81 - 792,62 руб.",4.8,265 продано,PaiPaitek Official Store
"Триммер для шерсти собак и кошек, аккумуляторная машинка с низким уровнем шума","358,62 - 1 454,28 руб.",4.9,523 продано,Yotmy Pets Supplies Store
"Биоразлагаемые корм для питомцев, собаки сумка нулевой отходов собака Pooper сумки Paw собачий мусора мешок корма для диспенсер товары для дома...","90,61 - 681,46 руб.",4.8,3743 продано,Xleipet Store
"Машинка для стрижки собак, профессиональный триммер для питомцев, с зарядкой от USB, для удаления ягодиц и ушей, с низким уровнем шума","909,88 руб.",4.8,2101 продано,Bornbeauty Store
Портативный нашивками perros дом большой маленьких собак уличная собачья клетка для собак дома для Складная Крытый манеж щенок собака кровать...,"382,23 - 1 598,18 руб.",4.8,634 продано,Topx Companion Store
"Индивидуальный ошейник для собак, нейлон с принтом в виде собаки, ошейники на заказ с щенок ошейник для домашних животных Выгравировано Наз...","303,04 - 746,18 руб.",4.0,32 продано,Beirui Official Store
Гребень для вычесывания домашних животных,"346,44 - 373,09 руб.",4.8,4515 продано,Jone Store
"Именной ошейник для собак, нейлоновый аксессуар со светоотражающей табличкой, индивидуальная гравировка, маленький, средний, большой разме...","288,58 - 360,91 руб.",4.8,14385 продано,David's Mall-Pet Products Supplier
"Летняя уличная дождевая куртка для щенка, дождевик для домашних животных, дождевик из искусственной кожи с капюшоном, дождевик для собак, оп...","227,66 - 304,56 руб.",4.7,2323 продано,doagk Official Store
"7 размеров, обувь для маленьких средних и больших собак, спортивная обувь, аксессуары для домашних животных, Обувь для собак, осенне-зимняя п...","140,86 - 220,05 руб.",4.9,303 продано,Shop910439199 Store
"Водонепроницаемый коврик для домашних животных, силиконовый коврик для корма для собак и кошек, миска для питомцев, коврик для кормления со...","347,20 - 354,82 руб.",4.9,219 продано,Shop5375027 Store
"Подгузники для собак, физиологические штаны, моющиеся шорты для женщин и собак, мягкие штаны для девочек, нижнее белье для домашних животных...","252,79 - 341,87 руб.",4.9,1257 продано,David's Mall-Pet Products Supplier
"Новинка, пальто для собаки, зимняя теплая одежда для маленьких собак чихуахуа, мягкие меховые толстовки, куртка для щенка, одежда для собаки,...","285,53 - 467,50 руб.",4.9,1635 продано,Finney Store
"Шорты-памперсы для собак в горошек, гигиенические физиологические штаны, моющиеся женские короткие трусики, нижнее белье для менструации","169,80 - 229,19 руб.",4.8,926 продано,Ship within 24h Drop shipping Store
1 шт. 2020 хот-дог кошка плюшевые писк звуковые игрушки для собак забавная флисовая долговечная Жевательная молярная игрушка подходит для все...,"53,30 - 106,60 руб.",4.4,1119 продано,HomeFurrniture Store
"Новый игрушечный мяч-неваляшка для собак, игрушки для домашних животных, популярный продукт","746,18 руб.",4.8,7940 продано,Jieworld Store
"Зимняя одежда для собак 2020, супер теплая куртка, толстое хлопковое пальто, водонепроницаемая одежда для маленьких собак, одежда для домашни...","781,96 - 1 130,68 руб.",4.8,3004 продано,iLovePet
"Зимняя обувь для маленьких собак, теплая флисовая обувь для щенков, водонепроницаемые зимние ботинки для собак, обувь для чихуахуа Йорк, тов...","532,22 - 608,36 руб.",4.6,796 продано,Golden Pet Store
"Светоотражающий дождевик для собак, дождевик, комбинезон, водонепроницаемая одежда для домашних животных, безопасный дождевик для домашни...","220,81 - 547,45 руб.",4.8,14018 продано,Beautiful LovePet Store
Индивидуальный Воротник Pet ID Выгравированные Собака ID Название для Кошка Собака Щенок Dog Tag кулон брелок кости аксессуары для домашних живот...,"105,84 - 114,21 руб.",4.8,1575 продано,Collar ID Tags Store
"Регулируемая шлейка для собак и кошек с поводком, светоотражающая и дышащая шлейка для маленьких и больших собак, жилетка, товары для домашн...","265,73 - 341,87 руб.",4.5,2591 продано,Cats and Dogs House Store
"Бесплатная доставка Охлаждающий коврик для собак, летние с мягкой подкладкой, коврик для собак, кошек, одеяло, диван, дышащая кровать для соб...","290,86 - 803,28 руб.",4.3,1185 продано,Puppystar Pets Warm Life Store
"1 шт., GPS-трекер для детей и домашних питомцев","90,61 руб.",4.3,943 продано,Joyce'sPuppy Store
"Круглые длинные плюшевые лежанки для собак, подушка для больших питомцев, супермягкая пушистая Удобная подстилка для кошек, аксессуары","532,98 - 2 459,32 руб.",4.8,8248 продано,Peddy Store
Зимняя непромокаемая одежда для собак,"119,54 - 574,10 руб.",4.7,19174 продано,CDDM Lifety Store
"Светодиодный ошейник для собак, USB зарядка, для избежания потери, автомобильной аварии ошейник для щенков ошейники для собак с подсветкой, т...","181,98 - 303,80 руб.",4.7,30 продано,LOHUAHUA Official Store
"Лоток для собак Dogman, размер 70х50х4см.",806 руб.,4.8,1615 продано,Shop910439234 Store
"HOOPET дождевик для собак, комбинезон, дождевик для собак, плащ для питомцев, лабрадор, водонепроницаемая Золотая куртка для ретривера","713,44 - 864,19 руб.",4.8,2481 продано,HOOPET
"Машинка для стрижки собак, триммер для груминга домашних животных (кошек, собак, кроликов), Беспроводная перезаряжаемая профессиональная бр...","1 065,20 - 1 994,87 руб.",4.9,5793 продано,SuperDeal Store
Зимняя одежда для собак,"435,53 - 874,85 руб.",4.4,3 продано,WANGUPET Wowpet Store
Поводок для собак и кошек светодиодный мигающий светильник ошейник для безопасности домашних животных светодиодный поводок для собак аксе...,"223,86 - 548,21 руб.",4.7,1991 продано,29 round Store
"(S-3XL) большая кровать для домашних животных, кошек и собак, 8 цветов, теплый уютный домик для собак, мягкая флисовая корзина для собак, водонеп...","555,06 - 2 475,31 руб.",4.5,24 продано,PetsLove Store
"Красивый световой 1,5 м нейлон Безопасность пряжки поводок для собак домашних животных Лидер продаж 06","204,82 руб.",3.7,37 продано,kaituozhe 2019 Store
"Регулируемый ошейник для собак из кожи, двойное d-образное кольцо, для маленьких и средних больших собак","277,92 - 523,09 руб.",4.7,307 продано,AiruiDog Store
"1 шт., ультразвуковой отпугиватель собак и лай","341,11 руб.",4.6,152 продано,Embellish Your Life Store
"Триммер для кошек и собак, расческа для ухода, расческа, гребень для выпадения волос","212,44 руб.",4.9,37 продано,Shop900237180 Store
DEKO кровать для собаки супер мягкий питомник круглый пушистый домик для кошки теплый удобный спальный коврик для дивана моющийся плюш для ще...,"786,53 - 2 544,60 руб.",4.8,3015 продано,DEKOHM Online Store
"Sirreepet профессиональная клипса для собак 10 #(1,6 мм)","1 027,89 - 1 233,47 руб.",4.6,200 продано,Sirreepet Online Store
"Кожаный ошейник для собак, персонализированное имя щенка, персонализированная Выгравированная Пряжка для мальчиков и девочек, с рисунком в...","675,37 - 979,93 руб.",4.7,152 продано,AiruiDog Store
Одежда для домашних животных щенка французского бульдога костюм для собаки комбинезон Чихуахуа Мопс одежда для домашних собак для малых и ...,"249,74 - 325,88 руб.",4.8,12999 продано,Shake Tail Official Store
"Электронный ошейник для собак Petrainer, дистанционное управление, 916-1 300 м","2 131,16 руб.",5.0,31 продано,ThermoPro Official Store
"Сумка-переноска для собак водонепроницаемый складной гамак, сетка для перевозки домашних животных, для маленьких кошек и собак","1 000,48 руб.",4.8,28 продано,Animal Happiness Owns Store
"Для собак, одежда для собак для мелких Одежда для собак кошек теплое зимнее пальто для собак из хлопкового флиса Одежда для щенков одежда Фр...","72,34 - 276,39 руб.",5.0,2393 продано,KAJIPET Dropshipping Store
"Японская жареная креветка темпура, собака, жевание, пищащая игрушка, милая Фаршированная","197,97 руб.",4.6,57 продано,Smiling Cheese Store
"2 в 1, тренировочный свисток для собак и щенков, черный","87,57 руб.",4.7,79 продано,Kaixin Store
Куртка для щенка кошек Куртка Теплая Флисовая одежда для маленьких собак чихуахуа,"54,83 - 118,78 руб.",4.9,249 продано,KEMISIDI Official Store
"Водонепроницаемый коврик для домашних животных, силиконовый коврик для корма для собак и кошек, миска для питомцев, коврик для кормления со...","347,20 - 354,82 руб.",4.8,219 продано,Shop5375027 Store
"Персонализированный ошейник для собак AiruiDog, с бесплатной гравировкой, ошейники из полиэстера с маленьким и средним именем для щенков","277,92 - 396,69 руб.",4.8,748 продано,AiruiDog Store
"Регулируемый Собачий Ошейник AiruiDog с именной гравировкой, нейлоновый Маленький Средний Большой собачий ошейник","692,88 - 751,51 руб.",4.7,116 продано,AiruiDog Store
"Женские мягкие хлопковые пальто для собак, куртки, зимняя одежда для собак, пальто для маленьких щенков, женская теплая толстовка для собак, ...","209,39 - 287,81 руб.",4.8,589 продано,Ultrasound Pet Official Store
Женская зимняя юбка-пачка с леопардовым принтом,"194,92 - 296,95 руб.",5.0,329 продано,Daily Lifestyle Store
"Бутылка для воды Qicco для собак, портативная поилка для домашних питомцев, миска для питья, дозатор для мелких и больших питомцев","593,13 руб.",4.6,446 продано,Qicco Store
"Одежда для собак для маленьких собак, мягкий свитер для собаки, зимняя одежда для чихуахуа, классическая одежда для домашних животных, Ropa Perro...","73,86 - 288,58 руб.",4.8,2718 продано,doagk Official Store
"Обновленный ремень безопасности для собак, автомобильные ремни безопасности для собак, регулируемый ремень безопасности для животных для ...","111,17 - 148,48 руб.",4.6,1676 продано,AliExpress pets products Store
"Флисовая одежда для собак, теплая одежда для собак, жилет, рубашка для щенков, кошек, одежда для собак, пальто, толстовка, одежда для домашних ...","112,69 - 287,81 руб.",4.5,517 продано,PetMundo Store
Новинка 17 см игрушки для собак желтая кричащая резиновая курица пищалка для домашних животных жевательный подарок,"80,71 руб.",4.8,789 продано,Feelinhome Store
"Одежда Adidog, одежда для собак малого и среднего размера, хлопковая толстовка с капюшоном, горячая Распродажа 2020, теплая двухногая куртка для ...","134,77 - 411,92 руб.",4.9,1323 продано,Good exchange Store
"200 шт./10 рулонов, пакеты для домашних животных, экологически чистые пакеты для сбора и очистки собак и кошек","364,72 руб.",4.7,993 продано,FlySong
"Намордник для собаки, щенок, маленький, средний, большой собачий, искусственная кожа, нейлон, сетка, намордник для собаки","229,19 - 323,60 руб.",5.0,451 продано,HANDINHAND Official Store
"USB Перезаряжаемый светодиодный собачий ошейник, мигающий регулируемый безопасный ошейник, цепочка KSI999","284,77 - 315,99 руб.",4.5,104 продано,Unique Storage Store
"Новый свисток для собак для предотвращения лая, контроль лая, дрессировочный свисток для собак","70,05 руб.",4.8,2263 продано,Shang Hai Good Life Store
"Безопасный автоматический ошейник для собак, ошейник для дрессировки домашних животных, перезаряжаемый ошейник стоп-лай, 2 режима, звуковой...","788,81 - 792,62 руб.",5.0,265 продано,PaiPaitek Official Store
Кактус овощи игрушка для домашних животных ананас собака игрушка Кукуруза фрукты кошка щенок пищащие игрушки,"209,39 - 347,20 руб.",4.8,41 продано,Piang Gouer Store
Одежда для домашних животных Супермен пальто для собак с накидкой Мишка Тедди костюм для домашних животных Одежда для собак,"239,08 - 675,37 руб.",4.7,159 продано,NYMPet World Store
L-размер KONG Классическая собака жевательная игрушка Коллекция до 30-65lbs(13-30 кг),"296,95 - 1 058,35 руб.",4.8,126 продано,KindsGoods Store
"Тренировочный ошейник для собак, металлический ошейник для собак с удобными наконечниками","708,11 руб.",4.5,110 продано,gang's store for you
Dog Blanket Winter Dog Cat Bed Mat Foot Print Warm Sleeping Mattress Small Medium Dogs Cats Coral Fleece Pet Supplies,"105,84 - 265,73 руб.",4.8,982 продано,PetToy Store
Расческа для ухода ха шерстью животных деревянной ручкой игольчатая щетка собака Красота Расческа Щетка для волос для собак,"106,60 - 239,08 руб.",4.7,34 продано,Mammy-Baby Store
"Летнее кружевное платье для собак, платье-слинг для собак, одежда для маленьких собак, вечерние платья с бантом на день рождения для свадьбы,...","110,41 - 264,97 руб.",4.4,457 продано,Sunset stars Store
"Сверхпрочная металлическая цепь для прогулок с собаками и щенками, 1,6 м, поводок с зажимом, красная ручка","264,97 руб.",4.8,58 продано,AR Store
"Персонализированный собачий ошейник с гравировкой на заказ, имя и фамилия щенка, с пряжкой, серый ошейник, с гравировкой, на заказ, на заказ, ...","505,57 - 709,63 руб.",4.0,59 продано,AiruiDog Store
"Индивидуальный ошейник для собак, нейлон с принтом в виде собаки, ошейники на заказ с щенок ошейник для домашних животных Выгравировано Наз...","303,04 - 746,18 руб.",4.4,32 продано,Beirui Official Store
"Милая толстовка с капюшоном для собак, одежда для собак, пальто, куртка, хлопок, Ropa Perro, французский бульдог, одежда для собак, одежда для дома...","91,37 - 152,28 руб.",4.8,143 продано,Haiyan Store
Автомобильный изолирующая сетка собака защитное ограждение Регулируемый Безопасность Путешествия собака подголовник из сетчатого матери...,"227,66 руб.",4.5,52 продано,Shop5564190 Store
"Портативный диспенсер для бутылок с водой для собак и кошек, для путешествий, на открытом воздухе, для подачи питьевой воды, для собак и коше...","301,52 - 436,29 руб.",4.9,92 продано,Boutique of small bones Store
"Расческа для стрижки домашних животных, щетка для вычесывания шерсти щенков, инструмент для чистки","126,40 руб.",4.5,42 продано,Shop3616053 Store
"Игрушка для кошки с тех пор, как Привет крыса игры; Топ с рисунком кошки захватите board игрушка для кошек, мышь кошек Большой котенок кошка игр...","1 045,41 - 1 266,21 руб.",5.0,42 продано,Shop910955048 Store
"Мягкий ошейник для домашних животных, поводок для поводка, поводок, инструмент для тренировки","520,80 - 590,85 руб.",4.7,39 продано,Hogar Paradise Store
"Новый ультразвуковой отпугиватель собак, отпугивающий фонарик для агрессивных атак животных","538,31 руб.",4.7,53 продано,Home-Art Crafts Store
Ультра Sonic собака репелленты Sonic сдерживания Pet chaser супер мощный Перезаряжаемые отпугиватель собак ультразвуковой,"1 477,12 руб.",4.7,92 продано,KPHRTEK Official Store
"Frontline Plus для очистки собак и кошек от блох и клещей, 3 шт./6 шт.","1 750,46 - 4 553,17 руб.",4.8,95 продано,KindsGoods Store
"Зимняя Теплая Одежда для собак, водонепроницаемая Толстая куртка для собак, красная, черная куртка для собак с поводком и отверстиями для ср...","981,45 - 1 112,41 руб.",4.5,661 продано,Beirui Official Store
"Электронный ошейник Petrainer 998D-1 для дрессировки собак малого, среднего и крупного размера с дистанционным управлением на 300 метров","1 027,13 - 1 217,48 руб.",4.6,95 продано,Petrainer & Thermopro Store
"Мигающий светодиодный светильник в форме футбольного мяча со звуком, Забавная детская игрушка для питомца","31,22 руб.",4.9,84 продано,aimaibumai- Store
"Новый поводок для собак из нейлона, тренировочный поводок, поводок, регулируемый Тяговый ошейник","12,95 - 28,94 руб.",4.9,66 продано,Fashion-Hot-new-Unique-World Peace-Never give up Store
"Собака латексный жевательный писк, звук, игральные игрушки, мультфильм, длинный хвост, форма енота, молар","238,32 - 280,96 руб.",4.7,67 продано,Tome Store
"Обувь для домашних животных, водонепроницаемая обувь для чихуахуа, Нескользящие сапоги, Обувь для собак, щенков, кошек, носки, сапоги для соб...","167,51 - 228,42 руб.",5.0,8786 продано,Shop910359053 Store
Собака иглы гребень собака щенок ленточная однопольная гребенная Красота массаж Уход за лошадьми расческа,"79,95 - 188,07 руб.",3.8,21 продано,JETTING HomeGarden Store
Одежда для домашних животных осень-зима модный утепленный теплый Рождественский олень жилет для собак Одежда,"611,41 - 806,33 руб.",4.6,24 продано,Pet Love it
"Расческа для ухода ха шерстью животных, расческа для удаления волос, расческа для собак и кошек, защитные принадлежности 63HF","220,81 - 345,68 руб.",4.9,55 продано,U hOMEcastle Store
с/м/l пэт стропы широкий выбор ёивотное мешок носителей собаки,"698,21 - 1 089,57 руб.",4.9,327 продано,TAILUP Official Store
"Тренировочный ремешок для собак Transer 1, новинка, аксессуар для обучения собак, 81220","24,37 - 113,45 руб.",4.8,1206 продано,Paws Garden Store
Супер мягкая надеваемая на палец зубная щетка для домашних животных плюшевая собачья щетка неприятный запах зубной камень инструмент для ч...,"54,06 руб.",4.8,7659 продано,LanYing Pets Store
Модные осенне-зимние меховые сохраняет тепло и защищает от ветра слойка мяч метод вязания собака шляпа популярные новые головной убор для п...,"227,66 - 477,40 руб.",5.0,50 продано,SuMuzhe Store
"Светоотражающая шлейка для собак, милая жилетка с поводком для маленьких и средних собак, щенков, французских бульдогов, Мопсов, аксессуары ...","552,78 - 583,24 руб.",4.4,257 продано,Naughty Pets House Store
Собачий питомец для путешествий складной Купер с 1 рулоном разлагаемые сумки совок для уборки средство удаления экскрементов Epacket Доставка,"456,08 - 1 293,62 руб.",4.8,2717 продано,LovePets Store
Открытый Портативный дрессировки закуски сумка принадлежности для домашних животных сильное сопротивление износу большой Ёмкость щенок п...,"102,03 - 241,37 руб.",4.8,2572 продано,Kitchen Goods Store
"Плащ с капюшоном для кошек и собак, светоотражающее пальто от дождя для щенков, уличная одежда с капюшоном, ветрозащитное водонепроницаемое...","267,26 - 895,41 руб.",4.8,1276 продано,Joyxeon Store
Машинка для стрижки домашних собак электрический ножницы для стрижки собак перезаряжаемая Беспроводная Бритва инструмент для стрижки с ни...,"951,75 - 1 627,11 руб.",4.9,850 продано,DICWAY Store
"Сумка для переноски домашних животных, складной рюкзак на грудь для кошек и собак, товары для маленьких собак","1 407,83 - 1 742,85 руб.",4.7,1 продано,SIXPET Store
"Подгузники для домашних животных, трусики для щенков и собак, физиологические трусики для собак, шорты, аксессуары для домашних животных","267,26 - 360,91 руб.",5.0,627 продано,David's Mall-Pet Products Supplier
"Зимняя одежда для собак, свитер для щенков, кошек, куртка, пальто для маленьких собак, теплая мягкая куртка для собак, свитер, куртки для дома...","54,06 - 181,22 руб.",4.8,582 продано,Cozy Daily Store
Супер мягкая надеваемая на палец зубная щетка для домашних животных плюшевая собачья щетка неприятный запах зубной камень инструмент для ч...,"48,73 - 73,86 руб.",4.8,317 продано,Quality Living Store
VIP Ссылка для питомца собаки кровать для большой маленький домик для кошек из круглые плюшевые коврик диван дропшиппинг центр лучший продук...,"622,83 - 3 340,26 руб.",4.9,24162 продано,"eLife Co.,Ltd"
"Электрический ошейник для дрессировки собак, дистанционное управление, водонепроницаемость 800 м, перезаряжаемая Вибрация с ЖК-дисплеем, по...","830,69 - 3 317,42 руб.",4.7,113 продано,DreamerLife Store
"1 шт., гигиенические трусы для собак, с принтом клубники","40,36 - 66,25 руб.",4.8,1252 продано,Shop3663065 Store
"Биоразлагаемые гигиенические пакеты для выгула собак и кошек, экологически чистые, плотность 15 микрон, 18/48 рулонов 270/720 штук. Цвета: зелёный, ...","959,37 - 2 158,57 руб.",4.8,735 продано,pet n pet cn Store
одежда для собак худи одежда для собак мелких для собак комбинезон для собачек товары для животнных одежда для кошек товары для собак куртк...,"194,92 - 546,69 руб.",4.5,7642 продано,LISM Animal World Store
"Новый свисток для собак для предотвращения лая, контроль лая, дрессировочный свисток для собак","70,05 руб.",4.1,2263 продано,Shang Hai Good Life Store
"Коврик для домашних животных, коврик для ношения, снимает эмоции, одеяло для тренировки собак и кошек","1 499,96 руб.",4.4,488 продано,Jieworld Store
"2021 Фирменная Новинка поводок-рулетка для питомца собаки щенок Кот шейный шарф бандана, воротник, платок для собак шейный шарф-воротник для д...","38,84 - 66,25 руб.",4.8,837 продано,Yum Online Store
4 шт./компл. ботинки для собак и кошек Резиновые Нескользящие непромокаемые ботинки для собак и кошек Размеры S/M/L/XL,"83 - 136,30 руб.",4.5,4660 продано,Fit for Dogs 999 Store
"Пищащая Жевательная деталь, куклы, собака, кошка, флисовый питомец, слон, утка, свинья, подходит для всех домашних животных, долговечность","113,45 - 127,92 руб.",4.3,437 продано,iTimo Houseware Store
"Уборка для домашних животных, лопата с длинной ручкой для выгула собак","439,33 - 772,06 руб.",4.7,343 продано,Happiness World Store
Игрушки для собак силиконовые чашки всасывания для домашних животных собак буксир интерактивный мяч надувные игрушки для домашних животны...,"424,10 - 617,50 руб.",4.9,2183 продано,Shop910924001 Store
"Ожерелье для кошек и собак, регулируемый ремень","55,59 руб.",4.7,6073 продано,Considerate Neighbor Store
"Зимняя теплая одежда для домашних животных с милым рисунком, свитшот для чихуахуа, Шиша, Tzu, пуловер для щенков, кошек, одежда для домашних жи...","152,28 - 280,20 руб.",4.8,320 продано,Feimi factory Store
"Складной манеж для домашних питомцев, железный забор, вольер для щенков, обучение, обучение, котенок, пространство, ворота для собак, товары ...","598,46 - 2 801,95 руб.",4.5,2930 продано,Play Petty
"Поводок для собак и кошек, нейлоновый поводок для собак, выбранный Размер, 1,5 м, 1,8 м, 3 м, 6 м, 10 м, уличная безопасность, тренировочная шлейка дл...","67,77 - 220,05 руб.",4.9,361 продано,Pets Homes Store
"Мягкая игрушка-пищалка для собак, Успокаивающая тренировочная игрушка для кошек и щенков, товары для тренировок","82,24 руб.",4.8,992 продано,Puppylove Toy Store
"Зимняя Толстовка для собак, теплая одежда для щенков, модное хлопковое пальто для собак, куртка для чихуахуа, йоркширского терьера, для мале...","231,47 - 382,99 руб.",4.7,3413 продано,DMEIL Store
"Нейлоновая Светоотражающая жилетка для собак и кошек, с принтом французского бульдога, поводок для щенков, Маленькие Средние собаки, шлейка...","303,80 - 424,10 руб.",4.6,399 продано,Star Pets Product Workshop
10 рулонов 150pcsDog мешок корма для утилизации медицинских отходов домашних животных отходов Корма мешок разложению Пластик корзина для отходо...,"309,89 - 413,44 руб.",4.7,504 продано,JACKAU Store
"Светоотражающий дождевик для собак, водонепроницаемая Одежда для питомцев, дождевик, защитная одежда для маленьких и средних питомцев, щен...","230,71 - 505,57 руб.",3.7,285 продано,Pets & Dailylife Products Dropshipping Store
Новый S-2XL 9 Цвета Paw ПЭТ диван-кровать собаки кровати Водонепроницаемый дно из мягкого флиса теплая кошка кровать зимние домашние тапочки с и...,"472,07 - 1 649,96 руб.",4.9,140 продано,Shop911188023 Store
"Подставка с мисками, 2 х 2,5 л, высота 60 см, разборная, чёрная 4940336",1 876 руб.,4.9,129 продано,Сима-ленд - официальный магазин
Перезаряжаемая машинка для стрижки кошек и собак с низким уровнем шума электрическая машинка для стрижки домашних животных Машинка для уда...,"477,40 - 1 253,27 руб.",4.9,405 продано,Daily Kitchenware Store
"Женские трусики-шорты для собак, нижнее белье для менструации, комбинезон для домашних животных, физиологические штаны, подгузники, гигиени...","146,96 - 250,51 руб.",4.9,18097 продано,fulan Store
"Prodigen чехол для на автомобильное сиденье для перевозки собак Водонепроницаемый животное транспорт, переноска для собак, для заднего сидения...","2 201,97 - 2 532,42 руб.",4.8,82 продано,Prodigen Official Store
"Переносная сумка для собак PSM, воздухопроницаемая кожаная переноска для щенков чихуахуа, аксессуары для собак","1 168,75 - 1 536,51 руб.",4.8,1141 продано,Petsupplies franchise Store
Плюшевая звучащая игрушка для домашних питомцев,"67,77 - 151,52 руб.",4.8,10413 продано,CaoBruce Store
"Ремень безопасности для питомца собаки кошки, регулируемый ремень безопасности, поводок для маленьких средних собак, зажим для путешествий...","112,69 - 127,16 руб.",5.0,6466 продано,BIBSS Petzone Store
Теплый флисовый лежак для животных Одежда для собак с изображением черепа; Пальто любимчика щенка футболка для собак куртка панель в форме ...,"107,36 - 133,25 руб.",4.0,899 продано,AWDA Households Store
"Профессиональная машинка для стрижки домашних животных для собак, кошек, электрический триммер для волос, стрижка с клипсой для ногтей, низ...","2 463,13 руб.",4.8,22 продано,OLOEY Overseas Droship Store
"Жевательная игрушка для собак, эластичный резиновый мяч, игрушка для питомцев, мяч для зубов, устойчивая к укусам, 75 мм, товары для собак HA3122c","70,05 руб.",4.9,133 продано,HABOAT Hardwares Factory Store
Новая Ферментативная зубная паста для домашних питомцев для собак помогает уменьшить зубной налет и зубной налет помогает уменьшить зубно...,"71,58 - 181,98 руб.",4.8,526 продано,Ayaoff888 Store
"Машинка для стрижки собак кошек и щенков, триммер для ухода за волосами, меховая расческа, инструмент для резки","130,20 руб.",4.5,2184 продано,Enjoying+CC Store
"Игрушка плюшевая в виде собаки Шиба-ину, 40/50 см","791,86 - 1 204,54 руб.",4.9,784 продано,MIAOOWA Official Store
"Дождевик для больших собак, водонепроницаемая одежда для улицы, комбинезон с капюшоном, плащ для маленьких больших собак, дождевик, лабрадо...","454,56 - 1 137,54 руб.",4.9,19 продано,Loyal Dog Official Store
"Пончики, корзина для собак, кровать для успокоения, будка для домашних питомцев, домик для кошек, Пончик Из веганского меха, подстилка для ко...","684,50 - 2 527,09 руб.",4.8,2538 продано,Petbed Store
"Игрушки для домашних животных с присоской, игрушка для собак с мячом из термопластичной резины, жевательные Резиновые Игрушки для маленьки...","335,78 руб.",4.8,4651 продано,Harry_leehong Store
Питьевая вода для собак чаша 1.5л плавающая не смачивающая рот миска для кошек без разлива дозатор питьевой воды ABS пластиковая собачья миска,"1 086,52 руб.",4.1,503 продано,luckpet Store
"Расческа для собак, кошек, щенков, из нержавеющей стали","81,47 - 652,52 руб.",4.6,3338 продано,Houseware Dropshipping Store
"Водонепроницаемый дождевик для домашних животных, комбинезон для защиты от солнца","284,77 - 349,49 руб.",4.9,68 продано,HANDINHAND Official Store
Перезаряжаемые ПЭТ Машинки для стрижки собак Профессиональный Cat животных Машинка для стрижки волос низкая Шум волос инструмент для удален...,"358,62 - 1 411,64 руб.",5.0,95 продано,Yotmy Pets Supplies Store
"Милое животное шляпы мягкая кошка повязка на голову для малышей с рисунками зайчика, ушки; Зимние теплые вечерние рождественские костюмы дл...","181,98 - 240,61 руб.",4.8,2718 продано,Spring Homeware Store
"Тренажер для собак с дистанционным управлением, тренажер для остановки коры, электрический ошейник, тренажер для собак с дистанционным упр...","1 477,12 - 1 525,09 руб.",4.7,21 продано,to be or not to be Store
Водонепроницаемый кожа кровать собаки моющиеся pp хлопок мягкий Pet Puppy Подушки для больших Товары для собак,"1 413,16 - 2 048,17 руб.",4.5,31 продано,pawstrip Official Store
"Устройство для борьбы с лаем, Отпугиватель лай, безвредный мини-отпугиватель, глушитель для собак HKS99","1 453,52 руб.",4.4,76 продано,Shop4603008 Store
"Кричащая курица Сжимаемый звук, игрушки питомцы игрушечные собаки, продукт, Shrilling, инструмент для декомпрессии, пищалка, вентиляционное отв...","63,20 - 325,12 руб.",4.8,276 продано,Beautiful home life Store
Перезаряжаемые ПЭТ Машинки для стрижки собак Профессиональный Cat животных Машинка для стрижки волос низкая Шум волос инструмент для удален...,"358,62 - 1 411,64 руб.",4.8,68 продано,Yotmy Pets Supplies Store
"Регулируемый ошейник из искусственной кожи для собак, 7 цветов","109,65 - 133,25 руб.",4.7,910 продано,Shop5779932 Store
Регулируемые нейлоновые ошейники для собак ошейники для домашних животных очаровательные ошейники для собак ошейники для кошек товары для...,"55,59 - 174,37 руб.",4.8,258 продано,Alliance Store
"Ожерелье в виде французского бульдога с цепочкой для закусок маленькой собаки, серебристые/золотистые аксессуары для домашних животных, ош...","146,96 - 204,82 руб.",4.5,429 продано,Pretty Elf
Освещение ABS высококачественный прочный 3 метра автоматический выдвижной поводок для собак поводки для домашних животных,"912,16 руб.",4.9,305 продано,Sweeet loveee Store
"Paipaitek безопасный Улучшенный ошейник для собак, с автоматическим эффективным перезаряжаемым ошейником для собак, 5 режимов антилай для трени...","828,41 - 1 036,27 руб.",4.8,2505 продано,PaiPaitek Official Store
"Теплое пальто с изображением собаки кота, куртка с мультяшным дизайном, верхняя одежда с капюшоном для щенка, зимняя теплая одежда","382,99 - 638,82 руб.",4.9,523 продано,"YiWu SKS Pet Products Co.,Ltd Store"
"Ошейник для дрессировки домашних питомцев, дистанционное управление, удар током, вибрация, перезаряжаемый, водонепроницаемый, с жк-дисплее...","3 013,62 руб.",4.7,232 продано,Nancy Wang's store
"Нож для удаления шерсти собаки, из орехового материала, инструменты для ухода за собаками, товары для домашних животных, гребень для бритья, ...","223,86 - 363,19 руб.",4.7,268 продано,Cats MiMi Store
"Свисток для щенков, собак, двухцветный ультразвуковой пульверизатор, ультразвуковой отпугиватель звука, брелок для тренировки кошек","84,52 руб.",4.6,198 продано,FlySong
"Кровать для собаки, диван, большая кровать для собаки, маленький средний большой коврик для собаки, скамейка, лежак, кошка, чихуахуа, щенок, к...","779,68 - 2 931,39 руб.",4.4,681 продано,Puppystar Pets Warm Life Store
"Тренировочный костюм с рукавами для собак, снаряжение для ловкости, защита рук, перчатки для тренировок, аксессуары, принадлежности","1 529,66 - 2 979,36 руб.",4.5,96 продано,Dorin Store
SOKOLTEC клетка для собак металлические изделия для собак кролик щенок кошка забор сетка Вольер Товары для собак Собачья будка,"1 624,35 руб.",4.8,290 продано,SOKOLTEC Store
"Зимняя теплая одежда для собак All Stars, водонепроницаемая куртка для питомца, чихуахуа, одежда из Йоркшира для собак","622,07 - 916,73 руб.",4.8,363 продано,doagk Official Store
"Мраморный собачий ошейник с галстуком-бабочкой, персональный регулируемый, для домашних животных, хлопковый, для собак и кошек, подарки","650,24 - 1 445,90 руб.",4.6,96 продано,Free Sunday 2nd Store
"Роскошная мягкая кровать для собаки 90/100/110/120 см, плюшевая пончик, кровать для домашнего питомца, кровать большого размера для собаки, подход...","1 903,50 - 3 883,14 руб.",4.6,155 продано,MengShuYa Store
"Ошейник для охотничьей собаки желтого цвета, водонепроницаемый ошейник для дрессировки собак малого, среднего и крупного размера","2 324,56 руб.",4.7,117 продано,PeTown Store
Электрический ошейник для дрессировки собак Petrainer 998D-1 300M с дистанционным управлением лв,"1 107,84 - 1 195,40 руб.",4.7,91 продано,Thermo Pro Store
"Игрушки для собак латексная Жевательная пищалка, писклявый звук, игровые игрушки в форме животных, игрушка для щенка","41,12 - 212,44 руб.",4.9,67 продано,Shop4808004 Store
"Плюшевая пищалка, игрушка для собаки, мультяшный оранжевый щенок, игрушка для домашних животных, красочная игрушка для кальмара, товары для ...","325,12 руб.",4.9,321 продано,Piang Gouer Store
"Ошейник для кошек с бесплатной гравировкой, персонализированный аксессуар для защиты от повреждений, милый нейлоновый аксессуар для щенко...","163,71 - 196,45 руб.",4.7,6996 продано,Pawfect pet Store
Картофель фри бургер плюшевые игрушки для собак смешной межакционный писк жевание укусов щенков игрушка товары для домашних животных,"41,12 - 100,51 руб.",5.0,87 продано,DoiaPet Store
"Устройство для дрессировки собак и щенков, 2 в 1","47,21 - 170,56 руб.",5.0,71 продано,Meilian Beautiful House Store
Топ нейлон дуплекс двойной муфта двойной свинец два пути два домашних собак прогулочный поводок безопасности,"308,37 - 309,13 руб.",4.9,45 продано,Make Your Life Interesting Store
Двухсторонняя щетка для ухода за домашними животными грумер кошка собака Мех щетина мягкая щетка расческа R9JC,"275,63 руб.",5.0,28 продано,SCKIK Homlife Store
Собак нюхательный коврик для домашних животных утечки Еда анти удушья коврик кошка для дрессировки собак Одеяло нос игрушка для детей Дети ...,"956,32 - 1 428,39 руб.",4.6,1 продано,LovePet Pets Supplies Store
"Воздухопроницаемый рюкзак для собак, вместительная переносная сумка для кошек, уличная дорожная переноска для питомцев","810,89 - 813,18 руб.",4.8,72 продано,Multiple Life Grocery Store
Коврик Для еды Для Собак Pet щенок кошка маты Для кормления водостойкая подстилка Для собаки Миска Для собаки подстилка Для Кошки,"232,23 - 571,05 руб.",4.5,73 продано,QINFENG Store
Еда для кормления домашних животных здоровая вкусная еда для пожилых собак закуска говядина 500 г еда для собак для тренировки закуски,"925,87 руб.",4.9,43 продано,China ES Group
"Кофейный, русский, кожаный, в стиле панк, для домашних питомцев, искусственная куртка, пальто, новая одежда для собак","686,03 - 810,89 руб.",4.8,123 продано,Pets World
"Переноска для домашних питомцев CAWAYI KENNEL, рюкзак для маленьких кошек и собак, сумка для транспортировки собак, d1850","950,99 руб.",4.9,606 продано,Cawayi Kennel Official Store
Сетчатая Удобная намордник для домашних животных долговечная маска для собак против укуса Многофункциональная портативная намордник для ...,"220,05 - 293,14 руб.",4.3,129 продано,Beautiful Department Store
Лидер продаж; Теплое Флисовое одеяло для животных кровать коврик подушка-накладка для собак и кошек с принтом «Щенок»,"143,15 руб.",4.8,71 продано,3C-TOP-PRO Store
"1 шт. собака Кот Собака Щенок Звук в горошек скрипучий игрушки резиновые гантели жевательной резинки, забавные игрушки","79,95 руб.",4.7,48 продано,Collar ID Tags Store
Украшение стразы искусственная кожа Кристалл бриллиант фотоаксессуары для собак,"58,63 - 180,46 руб.",4.8,171 продано,gagyive Official Store
Yotmy Профессиональные ПЭТ Машинки для стрижки собак домашних животных Уход за лошадьми машинки для стрижки кошек спиральный резак для хот-до...,"352,53 - 1 418,49 руб.",4.4,23 продано,Yotmy Pets Supplies Store
"Маленькая собачка-колокольчик, ужин для питомцев, щенков, тренировочная игрушка с кольцом, забавные игрушки для собак","63,20 - 304,56 руб.",4.9,80 продано,a drugstore with a temperature Store
"Сетчатая Сумка для переноски собак, Воздухопроницаемый переносной ранец для путешествий и прогулок с собаками и кошками","518,52 - 778,92 руб.",4.9,76 продано,Tophouse Store
"Портативная бутылка для воды для домашних животных, 420 мл","683,74 - 750,74 руб.",4.9,119 продано,Shang Hai's Kitten Plaything Store
"Ошейник-цепочка для собак и кошек, регулируемый позолоченный ошейник для тренировок в стиле панк для щенков, товары для домашних животных","223,09 - 248,22 руб.",4.9,93 продано,Our Lifestyle Store
"Ошейник для собак, регулируемый светоотражающий дышащий сетчатый жгутик для средних и больших собак, нагрудный ремень, аксессуары для пито...","650,24 - 686,03 руб.",4.8,621 продано,Naughty Pets House Store
"Поясная Сумка для дрессировки домашних животных, портативная уличная специальная сумка для еды, мешок для корма собак, 1 шт.","306,09 - 348,73 руб.",4.9,50 продано,Vonfest Store
"Ожерелье для собаки, розы, цветок, дизайн, аксессуары для принцессы, кошки, щенка, 2 размера, 4 цвета","219,29 - 232,23 руб.",4.8,342 продано,"YiWu SKS Pet Products Co.,Ltd Store"
Модный дизайн удобный Противоскользящий вулканизированный поводок для собак домашних животных подходит для собаки нагрудный ремень нейло...,"210,15 - 245,18 руб.",4.2,175 продано,Smiling Cheese Store
Персонализированный ошейник для собак AiruiDog и бирка из черной ткани с бесплатной гравировкой имени маленького и большого питомца,"565,72 - 666,99 руб.",4.2,38 продано,AiruiDog Store
"WHPC, кровать для собак, теплые кровати для собак, водонепроницаемая кровать для собак, мягкая кровать для собак, моющаяся домашняя кровать дл...","486,54 - 3 152,20 руб.",4.8,189 продано,Shop5382037 Store
"1 шт., длинная Прочная Джинсовая игрушка для больших собак, 31 см","181,98 - 197,97 руб.",4.9,121 продано,KEMISIDI Kemisidi Store
"Большая собачья кошечка для собаки, подушка для щенка, домик для питомца, мягкий теплый питомник, коврик для собаки, одеяло","258,88 - 772,82 руб.",4.5,76 продано,Alice's Top Store
Двойной поводок муфта для больших собак Регулируемый сверхмощный нейлоновый сплиттер для двух больших собак,"617,50 руб.",4.5,108 продано,Your Home-life Store
2020 уход за собакой высокое качество гребень Для Собак профессиональная стальная гребень Для ухода за собакой Кошка щетка Для чистки,"207,11 - 455,32 руб.",5.0,24 продано,QINFENG Store
Собака Интерактивная присоска Push TPR мяч игрушки животные моляр кусание игрушка эластичная веревка для чистки зубов собаки жевательные пито...,"226,90 - 366,24 руб.",5.0,4861 продано,Zong zi Store
"Кормушка для домашних животных, собак, кошек, нержавеющая сталь, двойная миска, нескользящий безопасный материал, контейнер для воды и еды","552,02 - 692,12 руб.",4.8,21 продано,Peach Joliemaison Store
Собака Мягкая шлейка поводок светоотражающий нейлоновый поводок для больших собак Беговые Прогулки Спорт на открытом воздухе,"479,69 - 513,95 руб.",5.0,27 продано,HANDINHAND Official Store
Ожерелье из антикоры водонепроницаемое и перезаряжаемое расстояние 300 м ЖК для собачьего ожерелья s 998DR отправка из Испании,"1 306,57 - 3 264,88 руб.",4.9,69 продано,Dogs Training Collar Store
